date,total_events,status
2019-01-01,87330,ok
2019-01-02,128438,ok
2019-01-03,151902,ok
2019-01-04,150275,ok
2019-01-05,97646,ok
2019-01-06,90044,ok
2019-01-07,143369,ok
2019-01-08,172619,ok
2019-01-09,179524,ok
2019-01-10,178069,ok
2019-01-11,171765,ok
2019-01-12,113269,ok
2019-01-13,99453,ok
2019-01-14,163386,ok
2019-01-15,186182,ok
2019-01-16,190415,ok
2019-01-17,187881,ok
2019-01-18,183600,ok
2019-01-19,122239,ok
2019-01-20,100257,ok
2019-01-21,152609,ok
2019-01-22,178049,ok
2019-01-23,187571,ok
2019-01-24,194040,ok
2019-01-25,181627,ok
2019-01-26,115073,ok
2019-01-27,100199,ok
2019-01-28,162778,ok
2019-01-29,194275,ok
2019-01-30,193258,ok
2019-01-31,189310,ok
2019-02-01,183755,ok
2019-02-02,113547,ok
2019-02-03,101949,ok
2019-02-04,163180,ok
2019-02-05,188833,ok
2019-02-06,196629,ok
2019-02-07,188393,ok
2019-02-08,182693,ok
2019-02-09,117580,ok
2019-02-10,104687,ok
2019-02-11,168828,ok
2019-02-12,193566,ok
2019-02-13,201064,ok
2019-02-14,206976,ok
2019-02-15,196810,ok
2019-02-16,136098,ok
2019-02-17,103355,ok
2019-02-18,165863,ok
2019-02-19,196440,ok
2019-02-20,208690,ok
2019-02-21,204130,ok
2019-02-22,195509,ok
2019-02-23,126028,ok
2019-02-24,111995,ok
2019-02-25,177704,ok
2019-02-26,200978,ok
2019-02-27,219764,ok
2019-02-28,216020,ok
2019-03-01,198112,ok
2019-03-02,126470,ok
2019-03-03,107801,ok
2019-03-04,177618,ok
2019-03-05,191841,ok
2019-03-06,195920,ok
2019-03-07,198014,ok
2019-03-08,189491,ok
2019-03-09,121200,ok
2019-03-10,104689,ok
2019-03-11,174021,ok
2019-03-12,195656,ok
2019-03-13,196746,ok
2019-03-14,205015,ok
2019-03-15,197076,ok
2019-03-16,122257,ok
2019-03-17,109071,ok
2019-03-18,184499,ok
2019-03-19,208372,ok
2019-03-20,205926,ok
2019-03-21,193171,ok
2019-03-22,187355,ok
2019-03-23,122933,ok
2019-03-24,106273,ok
2019-03-25,183055,ok
2019-03-26,202167,ok
2019-03-27,202799,ok
2019-03-28,194716,ok
2019-03-29,193060,ok
2019-03-30,117283,ok
2019-03-31,103862,ok
2019-04-01,166698,ok
2019-04-02,184836,ok
2019-04-03,194130,ok
2019-04-04,195123,ok
2019-04-05,175653,ok
2019-04-06,121280,ok
2019-04-07,104829,ok
2019-04-08,174208,ok
2019-04-09,191591,ok
2019-04-10,195329,ok
2019-04-11,206896,ok
2019-04-12,191742,ok
2019-04-13,115590,ok
2019-04-14,100375,ok
2019-04-15,164556,ok
2019-04-16,181439,ok
2019-04-17,194020,ok
2019-04-18,188878,ok
2019-04-19,153155,ok
2019-04-20,103334,ok
2019-04-21,95794,ok
2019-04-22,146849,ok
2019-04-23,179237,ok
2019-04-24,196126,ok
2019-04-25,195837,ok
2019-04-26,178876,ok
2019-04-27,110058,ok
2019-04-28,100781,ok
2019-04-29,166836,ok
2019-04-30,184403,ok
2019-05-01,191570,ok
2019-05-02,195194,ok
2019-05-03,178238,ok
2019-05-04,111498,ok
2019-05-05,103217,ok
2019-05-06,158154,ok
2019-05-07,186515,ok
2019-05-08,192322,ok
2019-05-09,188309,ok
2019-05-10,179711,ok
2019-05-11,107696,ok
2019-05-12,96301,ok
2019-05-13,167516,ok
2019-05-14,193987,ok
2019-05-15,194376,ok
2019-05-16,191153,ok
2019-05-17,178275,ok
2019-05-18,107703,ok
2019-05-19,94918,ok
2019-05-20,159994,ok
2019-05-21,180705,ok
2019-05-22,190492,ok
2019-05-23,190975,ok
2019-05-24,180028,ok
2019-05-25,106578,ok
2019-05-26,99071,ok
2019-05-27,134869,ok
2019-05-28,171317,ok
2019-05-29,183597,ok
2019-05-30,187683,ok
2019-05-31,176780,ok
2019-06-01,112581,ok
2019-06-02,99138,ok
2019-06-03,163708,ok
2019-06-04,182105,ok
2019-06-05,187989,ok
2019-06-06,188724,ok
2019-06-07,168925,ok
2019-06-08,104875,ok
2019-06-09,93828,ok
2019-06-10,154994,ok
2019-06-11,175865,ok
2019-06-12,191480,ok
2019-06-13,193674,ok
2019-06-14,179068,ok
2019-06-15,108534,ok
2019-06-16,95289,ok
2019-06-17,155458,ok
2019-06-18,182183,ok
2019-06-19,199103,ok
2019-06-20,193377,ok
2019-06-21,178079,ok
2019-06-22,112307,ok
2019-06-23,98566,ok
2019-06-24,164179,ok
2019-06-25,185999,ok
2019-06-26,193934,ok
2019-06-27,194324,ok
2019-06-28,191171,ok
2019-06-29,114176,ok
2019-06-30,102012,ok
2019-07-01,163531,ok
2019-07-02,175221,ok
2019-07-03,176753,ok
2019-07-04,149263,ok
2019-07-05,143312,ok
2019-07-06,94399,ok
2019-07-07,90885,ok
2019-07-08,156097,ok
2019-07-09,176207,ok
2019-07-10,181352,ok
2019-07-11,179786,ok
2019-07-12,167250,ok
2019-07-13,107400,ok
2019-07-14,91449,ok
2019-07-15,150434,ok
2019-07-16,174341,ok
2019-07-17,183751,ok
2019-07-18,179267,ok
2019-07-19,167815,ok
2019-07-20,108026,ok
2019-07-21,96740,ok
2019-07-22,157280,ok
2019-07-23,179612,ok
2019-07-24,184798,ok
2019-07-25,179639,ok
2019-07-26,153805,ok
2019-07-27,101175,ok
2019-07-28,95340,ok
2019-07-29,156431,ok
2019-07-30,170725,ok
2019-07-31,177699,ok
2019-08-01,176068,ok
2019-08-02,168717,ok
2019-08-03,101142,ok
2019-08-04,96254,ok
2019-08-05,151781,ok
2019-08-06,173746,ok
2019-08-07,177522,ok
2019-08-08,171611,ok
2019-08-09,165084,ok
2019-08-10,103144,ok
2019-08-11,88313,ok
2019-08-12,139990,ok
2019-08-13,153638,ok
2019-08-14,164976,ok
2019-08-15,168814,ok
2019-08-16,164891,ok
2019-08-17,106019,ok
2019-08-18,96319,ok
2019-08-19,159554,ok
2019-08-20,173291,ok
2019-08-21,185306,ok
2019-08-22,179783,ok
2019-08-23,169104,ok
2019-08-24,109143,ok
2019-08-25,100388,ok
2019-08-26,157071,ok
2019-08-27,174570,ok
2019-08-28,179806,ok
2019-08-29,177423,ok
2019-08-30,165668,ok
2019-08-31,101916,ok
2019-09-01,95092,ok
2019-09-02,130680,ok
2019-09-03,164988,ok
2019-09-04,183724,ok
2019-09-05,181346,ok
2019-09-06,168054,ok
2019-09-07,102764,ok
2019-09-08,94990,ok
2019-09-09,160943,ok
2019-09-10,177536,ok
2019-09-11,183264,ok
2019-09-12,179898,ok
2019-09-13,167328,ok
2019-09-14,102061,ok
2019-09-15,95422,ok
2019-09-16,167318,ok
2019-09-17,177760,ok
2019-09-18,187176,ok
2019-09-19,186399,ok
2019-09-20,179820,ok
2019-09-21,108424,ok
2019-09-22,101169,ok
2019-09-23,177482,ok
2019-09-24,190993,ok
2019-09-25,197791,ok
2019-09-26,185674,ok
2019-09-27,182598,ok
2019-09-28,110060,ok
2019-09-29,92137,ok
2019-09-30,153234,ok
2019-10-01,172848,ok
2019-10-02,184819,ok
2019-10-03,184279,ok
2019-10-04,171751,ok
2019-10-05,103927,ok
2019-10-06,91518,ok
2019-10-07,158841,ok
2019-10-08,173057,ok
2019-10-09,183090,ok
2019-10-10,189503,ok
2019-10-11,185073,ok
2019-10-12,109703,ok
2019-10-13,98477,ok
2019-10-14,156240,ok
2019-10-15,181378,ok
2019-10-16,192759,ok
2019-10-17,187426,ok
2019-10-18,175689,ok
2019-10-19,107015,ok
2019-10-20,94077,ok
2019-10-21,157126,ok
2019-10-22,178042,ok
2019-10-23,186775,ok
2019-10-24,182818,ok
2019-10-25,166021,ok
2019-10-26,103798,ok
2019-10-27,95306,ok
2019-10-28,155792,ok
2019-10-29,174199,ok
2019-10-30,173808,ok
2019-10-31,172037,ok
2019-11-01,153607,ok
2019-11-02,103743,ok
2019-11-03,87080,ok
2019-11-04,153204,ok
2019-11-05,172432,ok
2019-11-06,179114,ok
2019-11-07,177659,ok
2019-11-08,168952,ok
2019-11-09,105861,ok
2019-11-10,89713,ok
2019-11-11,150802,ok
2019-11-12,172401,ok
2019-11-13,177406,ok
2019-11-14,180761,ok
2019-11-15,170885,ok
2019-11-16,106039,ok
2019-11-17,91867,ok
2019-11-18,153319,ok
2019-11-19,171870,ok
2019-11-20,183512,ok
2019-11-21,182728,ok
2019-11-22,166184,ok
2019-11-23,105762,ok
2019-11-24,89481,ok
2019-11-25,147572,ok
2019-11-26,166565,ok
2019-11-27,165222,ok
2019-11-28,134572,ok
2019-11-29,124461,ok
2019-11-30,86996,ok
2019-12-01,84737,ok
2019-12-02,146353,ok
2019-12-03,172876,ok
2019-12-04,180185,ok
2019-12-05,170984,ok
2019-12-06,161445,ok
2019-12-07,103471,ok
2019-12-08,89064,ok
2019-12-09,151043,ok
2019-12-10,175382,ok
2019-12-11,171948,ok
2019-12-12,170000,ok
2019-12-13,164480,ok
2019-12-14,97333,ok
2019-12-15,86495,ok
2019-12-16,143614,ok
2019-12-17,164039,ok
2019-12-18,167588,ok
2019-12-19,166834,ok
2019-12-20,159839,ok
2019-12-21,100642,ok
2019-12-22,84581,ok
2019-12-23,129282,ok
2019-12-24,116810,ok
2019-12-25,76553,ok
2019-12-26,97902,ok
2019-12-27,108277,ok
2019-12-28,78939,ok
2019-12-29,76429,ok
2019-12-30,118132,ok
2019-12-31,125858,ok
2020-01-01,89215,ok
2020-01-02,123425,ok
2020-01-03,157403,ok
2020-01-04,112518,ok
2020-01-05,112046,ok
2020-01-06,158919,ok
2020-01-07,179999,ok
2020-01-08,197021,ok
2020-01-09,189640,ok
2020-01-10,175329,ok
2020-01-11,115539,ok
2020-01-12,99273,ok
2020-01-13,161483,ok
2020-01-14,174278,ok
2020-01-15,170421,ok
2020-01-16,185276,ok
2020-01-17,168378,ok
2020-01-18,106658,ok
2020-01-19,93471,ok
2020-01-20,142865,ok
2020-01-21,166258,ok
2020-01-22,182627,ok
2020-01-23,182604,ok
2020-01-24,173437,ok
2020-01-25,109408,ok
2020-01-26,94443,ok
2020-01-27,149800,ok
2020-01-28,178857,ok
2020-01-29,186136,ok
2020-01-30,184259,ok
2020-01-31,179524,ok
2020-02-01,113580,ok
2020-02-02,98233,ok
2020-02-03,161458,ok
2020-02-04,179013,ok
2020-02-05,188775,ok
2020-02-06,184511,ok
2020-02-07,170420,ok
2020-02-08,106505,ok
2020-02-09,91661,ok
2020-02-10,151166,ok
2020-02-11,173842,ok
2020-02-12,180507,ok
2020-02-13,180679,ok
2020-02-14,168850,ok
2020-02-15,110866,ok
2020-02-16,94862,ok
2020-02-17,137987,ok
2020-02-18,168769,ok
2020-02-19,177361,ok
2020-02-20,184238,ok
2020-02-21,173798,ok
2020-02-22,108977,ok
2020-02-23,92859,ok
2020-02-24,150234,ok
2020-02-25,174646,ok
2020-02-26,182222,ok
2020-02-27,181243,ok
2020-02-28,176560,ok
2020-02-29,115113,ok
2020-03-01,106304,ok
2020-03-02,167485,ok
2020-03-03,186879,ok
2020-03-04,190380,ok
2020-03-05,188626,ok
2020-03-06,170905,ok
2020-03-07,107813,ok
2020-03-08,94160,ok
2020-03-09,154418,ok
2020-03-10,168093,ok
2020-03-11,177282,ok
2020-03-12,169538,ok
2020-03-13,159027,ok
2020-03-14,103752,ok
2020-03-15,94060,ok
2020-03-16,135499,ok
2020-03-17,158980,ok
2020-03-18,164629,ok
2020-03-19,159922,ok
2020-03-20,149994,ok
2020-03-21,97405,ok
2020-03-22,87824,ok
2020-03-23,136674,ok
2020-03-24,146264,ok
2020-03-25,148772,ok
2020-03-26,153612,ok
2020-03-27,144608,ok
2020-03-28,95934,ok
2020-03-29,87401,ok
2020-03-30,132906,ok
2020-03-31,154889,ok
2020-04-01,150645,ok
2020-04-02,150991,ok
2020-04-03,144262,ok
2020-04-04,96207,ok
2020-04-05,84778,ok
2020-04-06,128821,ok
2020-04-07,141898,ok
2020-04-08,141228,ok
2020-04-09,141372,ok
2020-04-10,122961,ok
2020-04-11,86402,ok
2020-04-12,75228,ok
2020-04-13,113790,ok
2020-04-14,135241,ok
2020-04-15,140350,ok
2020-04-16,140892,ok
2020-04-17,138516,ok
2020-04-18,94428,ok
2020-04-19,81675,ok
2020-04-20,128362,ok
2020-04-21,140292,ok
2020-04-22,144834,ok
2020-04-23,144632,ok
2020-04-24,139748,ok
2020-04-25,89512,ok
2020-04-26,78428,ok
2020-04-27,123336,ok
2020-04-28,136449,ok
2020-04-29,141961,ok
2020-04-30,145691,ok
2020-05-01,133963,ok
2020-05-02,86708,ok
2020-05-03,78906,ok
2020-05-04,125035,ok
2020-05-05,141162,ok
2020-05-06,144655,ok
2020-05-07,143094,ok
2020-05-08,141417,ok
2020-05-09,90606,ok
2020-05-10,76962,ok
2020-05-11,120993,ok
2020-05-12,139690,ok
2020-05-13,149009,ok
2020-05-14,146058,ok
2020-05-15,133521,ok
2020-05-16,88292,ok
2020-05-17,77459,ok
2020-05-18,124779,ok
2020-05-19,141396,ok
2020-05-20,145676,ok
2020-05-21,161449,ok
2020-05-22,134537,ok
2020-05-23,85112,ok
2020-05-24,75276,ok
2020-05-25,95029,ok
2020-05-26,125296,ok
2020-05-27,139327,ok
2020-05-28,144840,ok
2020-05-29,141418,ok
2020-05-30,99029,ok
2020-05-31,96470,ok
2020-06-01,143447,ok
2020-06-02,161225,ok
2020-06-03,167251,ok
2020-06-04,164891,ok
2020-06-05,154945,ok
2020-06-06,104606,ok
2020-06-07,89096,ok
2020-06-08,135954,ok
2020-06-09,151981,ok
2020-06-10,156151,ok
2020-06-11,154391,ok
2020-06-12,151007,ok
2020-06-13,95130,ok
2020-06-14,84693,ok
2020-06-15,136420,ok
2020-06-16,154419,ok
2020-06-17,161794,ok
2020-06-18,160358,ok
2020-06-19,153092,ok
2020-06-20,96605,ok
2020-06-21,81042,ok
2020-06-22,132129,ok
2020-06-23,152488,ok
2020-06-24,153564,ok
2020-06-25,152838,ok
2020-06-26,144738,ok
2020-06-27,92672,ok
2020-06-28,81149,ok
2020-06-29,131712,ok
2020-06-30,155455,ok
2020-07-01,156134,ok
2020-07-02,155174,ok
2020-07-03,130536,ok
2020-07-04,84646,ok
2020-07-05,75935,ok
2020-07-06,126052,ok
2020-07-07,146327,ok
2020-07-08,155955,ok
2020-07-09,153500,ok
2020-07-10,143452,ok
2020-07-11,91918,ok
2020-07-12,78142,ok
2020-07-13,130213,ok
2020-07-14,151840,ok
2020-07-15,151138,ok
2020-07-16,149283,ok
2020-07-17,140954,ok
2020-07-18,91747,ok
2020-07-19,78813,ok
2020-07-20,130648,ok
2020-07-21,145471,ok
2020-07-22,154647,ok
2020-07-23,152048,ok
2020-07-24,141760,ok
2020-07-25,89205,ok
2020-07-26,80023,ok
2020-07-27,132253,ok
2020-07-28,145115,ok
2020-07-29,147692,ok
2020-07-30,143702,ok
2020-07-31,133602,ok
2020-08-01,83705,ok
2020-08-02,71475,ok
2020-08-03,121877,ok
2020-08-04,136577,ok
2020-08-05,143399,ok
2020-08-06,148996,ok
2020-08-07,141402,ok
2020-08-08,87682,ok
2020-08-09,77241,ok
2020-08-10,126591,ok
2020-08-11,146905,ok
2020-08-12,148275,ok
2020-08-13,151048,ok
2020-08-14,149678,ok
2020-08-15,96769,ok
2020-08-16,81316,ok
2020-08-17,133773,ok
2020-08-18,150734,ok
2020-08-19,155511,ok
2020-08-20,155034,ok
2020-08-21,142735,ok
2020-08-22,86188,ok
2020-08-23,78048,ok
2020-08-24,132465,ok
2020-08-25,149614,ok
2020-08-26,152702,ok
2020-08-27,150228,ok
2020-08-28,140358,ok
2020-08-29,86515,ok
2020-08-30,80338,ok
2020-08-31,126554,ok
2020-09-01,149211,ok
2020-09-02,154293,ok
2020-09-03,152535,ok
2020-09-04,145197,ok
2020-09-05,87528,ok
2020-09-06,78886,ok
2020-09-07,109120,ok
2020-09-08,139625,ok
2020-09-09,153593,ok
2020-09-10,153348,ok
2020-09-11,150229,ok
2020-09-12,100361,ok
2020-09-13,82257,ok
2020-09-14,137621,ok
2020-09-15,154834,ok
2020-09-16,157473,ok
2020-09-17,151255,ok
2020-09-18,140752,ok
2020-09-19,93476,ok
2020-09-20,78319,ok
2020-09-21,130874,ok
2020-09-22,146270,ok
2020-09-23,158257,ok
2020-09-24,152458,ok
2020-09-25,138253,ok
2020-09-26,78664,ok
2020-09-27,86382,ok
2020-09-28,121912,ok
2020-09-29,141036,ok
2020-09-30,140726,ok
2020-10-01,148635,ok
2020-10-02,133796,ok
2020-10-03,70935,ok
2020-10-04,62849,ok
2020-10-05,110587,ok
2020-10-06,123364,ok
2020-10-07,120463,ok
2020-10-08,126678,ok
2020-10-09,90422,ok
2020-10-10,93104,ok
2020-10-11,73999,ok
2020-10-12,101555,ok
2020-10-13,104586,ok
2020-10-14,119540,ok
2020-10-15,103284,ok
2020-10-16,49062,ok
2020-10-17,72631,ok
2020-10-18,74073,ok
2020-10-19,96639,ok
2020-10-20,105653,ok
2020-10-21,106925,ok
2020-10-22,92774,ok
2020-10-23,75888,ok
2020-10-24,53242,ok
2020-10-25,62657,ok
2020-10-26,87059,ok
2020-10-27,88260,ok
2020-10-28,102263,ok
2020-10-29,74155,ok
2020-10-30,48356,ok
2020-10-31,32573,ok
2020-11-01,46050,ok
2020-11-02,87643,ok
2020-11-03,60723,ok
2020-11-04,94634,ok
2020-11-05,69297,ok
2020-11-06,31839,ok
2020-11-07,21493,ok
2020-11-08,34748,ok
2020-11-09,77373,ok
2020-11-10,80167,ok
2020-11-11,72614,ok
2020-11-12,66851,ok
2020-11-13,19998,ok
2020-11-14,16508,ok
2020-11-15,23087,ok
2020-11-16,56236,ok
2020-11-17,59109,ok
2020-11-18,156306,ok
2020-11-19,153204,ok
2020-11-20,139790,ok
2020-11-21,89676,ok
2020-11-22,75875,ok
2020-11-23,120493,ok
2020-11-24,139317,ok
2020-11-25,134797,ok
2020-11-26,113989,ok
2020-11-27,106257,ok
2020-11-28,77321,ok
2020-11-29,69856,ok
2020-11-30,116386,ok
2020-12-01,130311,ok
2020-12-02,133871,ok
2020-12-03,133386,ok
2020-12-04,125378,ok
2020-12-05,81462,ok
2020-12-06,69763,ok
2020-12-07,117566,ok
2020-12-08,136676,ok
2020-12-09,134829,ok
2020-12-10,136631,ok
2020-12-11,129714,ok
2020-12-12,85949,ok
2020-12-13,72552,ok
2020-12-14,119518,ok
2020-12-15,135118,ok
2020-12-16,134022,ok
2020-12-17,132509,ok
2020-12-18,124284,ok
2020-12-19,79812,ok
2020-12-20,68222,ok
2020-12-21,115278,ok
2020-12-22,122642,ok
2020-12-23,123904,ok
2020-12-24,101877,ok
2020-12-25,60733,ok
2020-12-26,56351,ok
2020-12-27,58652,ok
2020-12-28,85807,ok
2020-12-29,99952,ok
2020-12-30,107131,ok
2020-12-31,100226,ok
2021-01-01,70996,ok
2021-01-02,60677,ok
2021-01-03,63829,ok
2021-01-04,105675,ok
2021-01-05,124082,ok
2021-01-06,128944,ok
2021-01-07,144185,ok
2021-01-08,133154,ok
2021-01-09,83422,ok
2021-01-10,73463,ok
2021-01-11,117057,ok
2021-01-12,133549,ok
2021-01-13,139757,ok
2021-01-14,135217,ok
2021-01-15,128781,ok
2021-01-16,81657,ok
2021-01-17,72843,ok
2021-01-18,108867,ok
2021-01-19,129504,ok
2021-01-20,141427,ok
2021-01-21,136907,ok
2021-01-22,127609,ok
2021-01-23,82371,ok
2021-01-24,71445,ok
2021-01-25,117572,ok
2021-01-26,132412,ok
2021-01-27,139344,ok
2021-01-28,135432,ok
2021-01-29,129183,ok
2021-01-30,82456,ok
2021-01-31,69685,ok
2021-02-01,117856,ok
2021-02-02,132558,ok
2021-02-03,136952,ok
2021-02-04,138271,ok
2021-02-05,132889,ok
2021-02-06,82121,ok
2021-02-07,70813,ok
2021-02-08,111925,ok
2021-02-09,131715,ok
2021-02-10,135375,ok
2021-02-11,131200,ok
2021-02-12,122505,ok
2021-02-13,84391,ok
2021-02-14,72782,ok
2021-02-15,104791,ok
2021-02-16,124933,ok
2021-02-17,133427,ok
2021-02-18,132364,ok
2021-02-19,131292,ok
2021-02-20,83679,ok
2021-02-21,72039,ok
2021-02-22,117015,ok
2021-02-23,137259,ok
2021-02-24,139022,ok
2021-02-25,133888,ok
2021-02-26,137730,ok
2021-02-27,88291,ok
2021-02-28,73381,ok
2021-03-01,118117,ok
2021-03-02,136881,ok
2021-03-03,139326,ok
2021-03-04,136437,ok
2021-03-05,128042,ok
2021-03-06,84413,ok
2021-03-07,71941,ok
2021-03-08,114985,ok
2021-03-09,129501,ok
2021-03-10,137813,ok
2021-03-11,137425,ok
2021-03-12,128094,ok
2021-03-13,81079,ok
2021-03-14,70057,ok
2021-03-15,122183,ok
2021-03-16,135641,ok
2021-03-17,139874,ok
2021-03-18,142614,ok
2021-03-19,137514,ok
2021-03-20,82796,ok
2021-03-21,71373,ok
2021-03-22,120916,ok
2021-03-23,137553,ok
2021-03-24,138944,ok
2021-03-25,138272,ok
2021-03-26,135855,ok
2021-03-27,82832,ok
2021-03-28,71203,ok
2021-03-29,111064,ok
2021-03-30,129482,ok
2021-03-31,132986,ok
2021-04-01,129142,ok
2021-04-02,112433,ok
2021-04-03,69804,ok
2021-04-04,62978,ok
2021-04-05,96837,ok
2021-04-06,122247,ok
2021-04-07,131668,ok
2021-04-08,131801,ok
2021-04-09,128433,ok
2021-04-10,78330,ok
2021-04-11,70136,ok
2021-04-12,116176,ok
2021-04-13,128864,ok
2021-04-14,135715,ok
2021-04-15,137213,ok
2021-04-16,125738,ok
2021-04-17,77403,ok
2021-04-18,70427,ok
2021-04-19,118070,ok
2021-04-20,132740,ok
2021-04-21,139649,ok
2021-04-22,139237,ok
2021-04-23,125782,ok
2021-04-24,80399,ok
2021-04-25,69860,ok
2021-04-26,118483,ok
2021-04-27,131512,ok
2021-04-28,136343,ok
2021-04-29,129941,ok
2021-04-30,122038,ok
2021-05-01,76918,ok
2021-05-02,67028,ok
2021-05-03,106833,ok
2021-05-04,121891,ok
2021-05-05,133398,ok
2021-05-06,131691,ok
2021-05-07,123309,ok
2021-05-08,74371,ok
2021-05-09,65818,ok
2021-05-10,111948,ok
2021-05-11,129140,ok
2021-05-12,138809,ok
2021-05-13,128732,ok
2021-05-14,119974,ok
2021-05-15,78275,ok
2021-05-16,73211,ok
2021-05-17,118508,ok
2021-05-18,129876,ok
2021-05-19,143206,ok
2021-05-20,140503,ok
2021-05-21,130339,ok
2021-05-22,79160,ok
2021-05-23,67374,ok
2021-05-24,116819,ok
2021-05-25,136574,ok
2021-05-26,136703,ok
2021-05-27,134095,ok
2021-05-28,123792,ok
2021-05-29,72992,ok
2021-05-30,68351,ok
2021-05-31,91537,ok
2021-06-01,117111,ok
2021-06-02,126832,ok
2021-06-03,130033,ok
2021-06-04,123907,ok
2021-06-05,71467,ok
2021-06-06,69288,ok
2021-06-07,112387,ok
2021-06-08,125410,ok
2021-06-09,131251,ok
2021-06-10,134824,ok
2021-06-11,127226,ok
2021-06-12,77168,ok
2021-06-13,71725,ok
2021-06-14,116730,ok
2021-06-15,128095,ok
2021-06-16,127163,ok
2021-06-17,126477,ok
2021-06-18,116741,ok
2021-06-19,68754,ok
2021-06-20,65100,ok
2021-06-21,108921,ok
2021-06-22,121574,ok
2021-06-23,130169,ok
2021-06-24,133025,ok
2021-06-25,123476,ok
2021-06-26,74520,ok
2021-06-27,64734,ok
2021-06-28,110021,ok
2021-06-29,121362,ok
2021-06-30,123999,ok
2021-07-01,121438,ok
2021-07-02,112291,ok
2021-07-03,68752,ok
2021-07-04,61024,ok
2021-07-05,90605,ok
2021-07-06,112984,ok
2021-07-07,124236,ok
2021-07-08,126774,ok
2021-07-09,117848,ok
2021-07-10,71134,ok
2021-07-11,61881,ok
2021-07-12,108956,ok
2021-07-13,124134,ok
2021-07-14,131450,ok
2021-07-15,128995,ok
2021-07-16,119896,ok
2021-07-17,75222,ok
2021-07-18,64236,ok
2021-07-19,108188,ok
2021-07-20,117282,ok
2021-07-21,117754,ok
2021-07-22,115188,ok
2021-07-23,107782,ok
2021-07-24,65952,ok
2021-07-25,58976,ok
2021-07-26,102413,ok
2021-07-27,113001,ok
2021-07-28,121467,ok
2021-07-29,117775,ok
2021-07-30,101579,ok
2021-07-31,57701,ok
2021-08-01,56484,ok
2021-08-02,89909,ok
2021-08-03,104145,ok
2021-08-04,111655,ok
2021-08-05,110780,ok
2021-08-06,102650,ok
2021-08-07,50853,ok
2021-08-08,49344,ok
2021-08-09,84857,ok
2021-08-10,99130,ok
2021-08-11,102471,ok
2021-08-12,103527,ok
2021-08-13,96406,ok
2021-08-14,52925,ok
2021-08-15,45607,ok
2021-08-16,84764,ok
2021-08-17,90762,ok
2021-08-18,95288,ok
2021-08-19,123351,ok
2021-08-20,118912,ok
2021-08-21,78356,ok
2021-08-22,72368,ok
2021-08-23,114614,ok
2021-08-24,126683,ok
2021-08-25,132786,ok
2021-08-26,127177,ok
2021-08-27,122700,ok
2021-08-28,79282,ok
2021-08-29,69156,ok
2021-08-30,105971,ok
2021-08-31,122944,ok
2021-09-01,127224,ok
2021-09-02,124388,ok
2021-09-03,114132,ok
2021-09-04,69988,ok
2021-09-05,64131,ok
2021-09-06,90765,ok
2021-09-07,112732,ok
2021-09-08,122529,ok
2021-09-09,125795,ok
2021-09-10,119919,ok
2021-09-11,81348,ok
2021-09-12,66971,ok
2021-09-13,110993,ok
2021-09-14,125747,ok
2021-09-15,132044,ok
2021-09-16,131419,ok
2021-09-17,128389,ok
2021-09-18,79743,ok
2021-09-19,66601,ok
2021-09-20,115072,ok
2021-09-21,125006,ok
2021-09-22,135139,ok
2021-09-23,130683,ok
2021-09-24,126801,ok
2021-09-25,92709,ok
2021-09-26,104784,ok
2021-09-27,147641,ok
2021-09-28,145490,ok
2021-09-29,138743,ok
2021-09-30,139144,ok
2021-10-01,127230,ok
2021-10-02,83376,ok
2021-10-03,72849,ok
2021-10-04,112988,ok
2021-10-05,131455,ok
2021-10-06,130663,ok
2021-10-07,130590,ok
2021-10-08,121610,ok
2021-10-09,78283,ok
2021-10-10,68316,ok
2021-10-11,108689,ok
2021-10-12,119332,ok
2021-10-13,126128,ok
2021-10-14,128203,ok
2021-10-15,115755,ok
2021-10-16,75537,ok
2021-10-17,66332,ok
2021-10-18,108178,ok
2021-10-19,125989,ok
2021-10-20,130312,ok
2021-10-21,128962,ok
2021-10-22,120016,ok
2021-10-23,75151,ok
2021-10-24,65372,ok
2021-10-25,110069,ok
2021-10-26,122581,ok
2021-10-27,128202,ok
2021-10-28,125765,ok
2021-10-29,121854,ok
2021-10-30,79690,ok
2021-10-31,95557,ok
2021-11-01,112985,ok
2021-11-02,119960,ok
2021-11-03,127087,ok
2021-11-04,119632,ok
2021-11-05,116532,ok
2021-11-06,68564,ok
2021-11-07,60758,ok
2021-11-08,112576,ok
2021-11-09,130665,ok
2021-11-10,135705,ok
2021-11-11,134322,ok
2021-11-12,121018,ok
2021-11-13,75770,ok
2021-11-14,67425,ok
2021-11-15,111479,ok
2021-11-16,124613,ok
2021-11-17,127980,ok
2021-11-18,130985,ok
2021-11-19,117546,ok
2021-11-20,72294,ok
2021-11-21,64032,ok
2021-11-22,110064,ok
2021-11-23,123742,ok
2021-11-24,119023,ok
2021-11-25,99418,ok
2021-11-26,98496,ok
2021-11-27,69388,ok
2021-11-28,65763,ok
2021-11-29,109635,ok
2021-11-30,121418,ok
2021-12-01,123924,ok
2021-12-02,127130,ok
2021-12-03,119143,ok
2021-12-04,77686,ok
2021-12-05,66770,ok
2021-12-06,111185,ok
2021-12-07,123469,ok
2021-12-08,126337,ok
2021-12-09,126109,ok
2021-12-10,120746,ok
2021-12-11,75635,ok
2021-12-12,65796,ok
2021-12-13,106454,ok
2021-12-14,116772,ok
2021-12-15,120897,ok
2021-12-16,118484,ok
2021-12-17,113189,ok
2021-12-18,70261,ok
2021-12-19,64302,ok
2021-12-20,94696,ok
2021-12-21,106683,ok
2021-12-22,102972,ok
2021-12-23,99005,ok
2021-12-24,73341,ok
2021-12-25,44446,ok
2021-12-26,50569,ok
2021-12-27,73815,ok
2021-12-28,82416,ok
2021-12-29,87237,ok
2021-12-30,90496,ok
2021-12-31,74765,ok
2022-01-01,49903,ok
2022-01-02,49406,ok
2022-01-03,78231,ok
2022-01-04,97275,ok
2022-01-05,104669,ok
2022-01-06,108823,ok
2022-01-07,103573,ok
2022-01-08,66008,ok
2022-01-09,58206,ok
2022-01-10,98678,ok
2022-01-11,111335,ok
2022-01-12,112461,ok
2022-01-13,118941,ok
2022-01-14,111050,ok
2022-01-15,70778,ok
2022-01-16,60369,ok
2022-01-17,95170,ok
2022-01-18,114954,ok
2022-01-19,123268,ok
2022-01-20,128358,ok
2022-01-21,118420,ok
2022-01-22,75714,ok
2022-01-23,64832,ok
2022-01-24,110134,ok
2022-01-25,122898,ok
2022-01-26,123790,ok
2022-01-27,126463,ok
2022-01-28,118636,ok
2022-01-29,72140,ok
2022-01-30,63064,ok
2022-01-31,103696,ok
2022-02-01,122314,ok
2022-02-02,124473,ok
2022-02-03,127619,ok
2022-02-04,116354,ok
2022-02-05,75086,ok
2022-02-06,64132,ok
2022-02-07,109681,ok
2022-02-08,126295,ok
2022-02-09,128913,ok
2022-02-10,131361,ok
2022-02-11,123355,ok
2022-02-12,81059,ok
2022-02-13,68763,ok
2022-02-14,112148,ok
2022-02-15,127589,ok
2022-02-16,128319,ok
2022-02-17,131479,ok
2022-02-18,124699,ok
2022-02-19,84158,ok
2022-02-20,70393,ok
2022-02-21,106224,ok
2022-02-22,135643,ok
2022-02-23,136667,ok
2022-02-24,164232,ok
2022-02-25,155604,ok
2022-02-26,103787,ok
2022-02-27,96836,ok
2022-02-28,140300,ok
2022-03-01,153347,ok
2022-03-02,154450,ok
2022-03-03,153450,ok
2022-03-04,142483,ok
2022-03-05,94664,ok
2022-03-06,86316,ok
2022-03-07,135114,ok
2022-03-08,147467,ok
2022-03-09,153816,ok
2022-03-10,146320,ok
2022-03-11,139086,ok
2022-03-12,90042,ok
2022-03-13,83089,ok
2022-03-14,129411,ok
2022-03-15,144991,ok
2022-03-16,148783,ok
2022-03-17,141920,ok
2022-03-18,127697,ok
2022-03-19,82750,ok
2022-03-20,74237,ok
2022-03-21,124860,ok
2022-03-22,137030,ok
2022-03-23,139250,ok
2022-03-24,147046,ok
2022-03-25,134362,ok
2022-03-26,86609,ok
2022-03-27,73830,ok
2022-03-28,122029,ok
2022-03-29,136939,ok
2022-03-30,139981,ok
2022-03-31,139621,ok
2022-04-01,125719,ok
2022-04-02,78919,ok
2022-04-03,69892,ok
2022-04-04,113363,ok
2022-04-05,126528,ok
2022-04-06,130290,ok
2022-04-07,130914,ok
2022-04-08,121617,ok
2022-04-09,75687,ok
2022-04-10,66831,ok
2022-04-11,115536,ok
2022-04-12,123071,ok
2022-04-13,128782,ok
2022-04-14,128563,ok
2022-04-15,104033,ok
2022-04-16,70136,ok
2022-04-17,63671,ok
2022-04-18,95848,ok
2022-04-19,119265,ok
2022-04-20,125670,ok
2022-04-21,127577,ok
2022-04-22,123976,ok
2022-04-23,74621,ok
2022-04-24,70013,ok
2022-04-25,114384,ok
2022-04-26,127012,ok
2022-04-27,132234,ok
2022-04-28,130280,ok
2022-04-29,123847,ok
2022-04-30,73328,ok
2022-05-01,69341,ok
2022-05-02,104006,ok
2022-05-03,118263,ok
2022-05-04,123087,ok
2022-05-05,124995,ok
2022-05-06,119411,ok
2022-05-07,75488,ok
2022-05-08,70767,ok
2022-05-09,114064,ok
2022-05-10,122774,ok
2022-05-11,130893,ok
2022-05-12,128757,ok
2022-05-13,124067,ok
2022-05-14,77784,ok
2022-05-15,70001,ok
2022-05-16,117515,ok
2022-05-17,128133,ok
2022-05-18,130739,ok
2022-05-19,128024,ok
2022-05-20,120086,ok
2022-05-21,76048,ok
2022-05-22,70100,ok
2022-05-23,114892,ok
2022-05-24,128727,ok
2022-05-25,139287,ok
2022-05-26,133398,ok
2022-05-27,118639,ok
2022-05-28,77967,ok
2022-05-29,67750,ok
2022-05-30,97582,ok
2022-05-31,116848,ok
2022-06-01,122776,ok
2022-06-02,123147,ok
2022-06-03,108053,ok
2022-06-04,70448,ok
2022-06-05,60474,ok
2022-06-06,105028,ok
2022-06-07,119542,ok
2022-06-08,122802,ok
2022-06-09,122012,ok
2022-06-10,116188,ok
2022-06-11,72676,ok
2022-06-12,63578,ok
2022-06-13,105681,ok
2022-06-14,121254,ok
2022-06-15,126009,ok
2022-06-16,123529,ok
2022-06-17,116072,ok
2022-06-18,67924,ok
2022-06-19,60343,ok
2022-06-20,98444,ok
2022-06-21,111155,ok
2022-06-22,122325,ok
2022-06-23,121222,ok
2022-06-24,116375,ok
2022-06-25,75063,ok
2022-06-26,67473,ok
2022-06-27,110109,ok
2022-06-28,125935,ok
2022-06-29,128207,ok
2022-06-30,128188,ok
2022-07-01,109879,ok
2022-07-02,66539,ok
2022-07-03,60103,ok
2022-07-04,84272,ok
2022-07-05,108186,ok
2022-07-06,113847,ok
2022-07-07,121661,ok
2022-07-08,114786,ok
2022-07-09,68747,ok
2022-07-10,61176,ok
2022-07-11,96572,ok
2022-07-12,109883,ok
2022-07-13,118027,ok
2022-07-14,120085,ok
2022-07-15,113129,ok
2022-07-16,70062,ok
2022-07-17,59892,ok
2022-07-18,100803,ok
2022-07-19,117040,ok
2022-07-20,116156,ok
2022-07-21,116702,ok
2022-07-22,108337,ok
2022-07-23,66196,ok
2022-07-24,61660,ok
2022-07-25,100597,ok
2022-07-26,109135,ok
2022-07-27,112879,ok
2022-07-28,112064,ok
2022-07-29,106123,ok
2022-07-30,68164,ok
2022-07-31,57383,ok
2022-08-01,98514,ok
2022-08-02,115640,ok
2022-08-03,119039,ok
2022-08-04,120084,ok
2022-08-05,109997,ok
2022-08-06,69690,ok
2022-08-07,62455,ok
2022-08-08,97039,ok
2022-08-09,108597,ok
2022-08-10,111203,ok
2022-08-11,108425,ok
2022-08-12,102036,ok
2022-08-13,60061,ok
2022-08-14,55346,ok
2022-08-15,92044,ok
2022-08-16,102628,ok
2022-08-17,107624,ok
2022-08-18,110183,ok
2022-08-19,103817,ok
2022-08-20,61838,ok
2022-08-21,55029,ok
2022-08-22,95151,ok
2022-08-23,107286,ok
2022-08-24,109731,ok
2022-08-25,109880,ok
2022-08-26,100572,ok
2022-08-27,61549,ok
2022-08-28,54299,ok
2022-08-29,89621,ok
2022-08-30,106581,ok
2022-08-31,109449,ok
2022-09-01,108529,ok
2022-09-02,98312,ok
2022-09-03,59382,ok
2022-09-04,56582,ok
2022-09-05,81019,ok
2022-09-06,102442,ok
2022-09-07,112372,ok
2022-09-08,122225,ok
2022-09-09,113129,ok
2022-09-10,67785,ok
2022-09-11,59996,ok
2022-09-12,100331,ok
2022-09-13,114620,ok
2022-09-14,117861,ok
2022-09-15,123568,ok
2022-09-16,116836,ok
2022-09-17,73515,ok
2022-09-18,65298,ok
2022-09-19,103353,ok
2022-09-20,117156,ok
2022-09-21,120721,ok
2022-09-22,120380,ok
2022-09-23,110664,ok
2022-09-24,69154,ok
2022-09-25,61721,ok
2022-09-26,98294,ok
2022-09-27,109120,ok
2022-09-28,113327,ok
2022-09-29,115866,ok
2022-09-30,108062,ok
2022-10-01,69097,ok
2022-10-02,58329,ok
2022-10-03,98957,ok
2022-10-04,112265,ok
2022-10-05,114453,ok
2022-10-06,118221,ok
2022-10-07,112088,ok
2022-10-08,65648,ok
2022-10-09,58403,ok
2022-10-10,97130,ok
2022-10-11,113053,ok
2022-10-12,114794,ok
2022-10-13,113236,ok
2022-10-14,107070,ok
2022-10-15,65822,ok
2022-10-16,55708,ok
2022-10-17,96966,ok
2022-10-18,109310,ok
2022-10-19,113632,ok
2022-10-20,115541,ok
2022-10-21,107272,ok
2022-10-22,64066,ok
2022-10-23,54923,ok
2022-10-24,92647,ok
2022-10-25,106890,ok
2022-10-26,112881,ok
2022-10-27,114296,ok
2022-10-28,107953,ok
2022-10-29,63409,ok
2022-10-30,58089,ok
2022-10-31,95119,ok
2022-11-01,105272,ok
2022-11-02,112010,ok
2022-11-03,114472,ok
2022-11-04,109198,ok
2022-11-05,64154,ok
2022-11-06,52074,ok
2022-11-07,91875,ok
2022-11-08,103508,ok
2022-11-09,116317,ok
2022-11-10,0,missing
2022-11-11,39382,ok
2022-11-12,70273,ok
2022-11-13,59654,ok
2022-11-14,99547,ok
2022-11-15,112944,ok
2022-11-16,122548,ok
2022-11-17,117628,ok
2022-11-18,111704,ok
2022-11-19,66639,ok
2022-11-20,56527,ok
2022-11-21,92614,ok
2022-11-22,105245,ok
2022-11-23,105388,ok
2022-11-24,85024,ok
2022-11-25,75736,ok
2022-11-26,51934,ok
2022-11-27,48568,ok
2022-11-28,85479,ok
2022-11-29,106373,ok
2022-11-30,107788,ok
2022-12-01,106419,ok
2022-12-02,101839,ok
2022-12-03,64198,ok
2022-12-04,52743,ok
2022-12-05,88693,ok
2022-12-06,102529,ok
2022-12-07,108418,ok
2022-12-08,114984,ok
2022-12-09,99924,ok
2022-12-10,61045,ok
2022-12-11,51571,ok
2022-12-12,90430,ok
2022-12-13,106023,ok
2022-12-14,106633,ok
2022-12-15,108982,ok
2022-12-16,100230,ok
2022-12-17,62698,ok
2022-12-18,51374,ok
2022-12-19,87958,ok
2022-12-20,100795,ok
2022-12-21,101235,ok
2022-12-22,100860,ok
2022-12-23,85689,ok
2022-12-24,50912,ok
2022-12-25,39966,ok
2022-12-26,54019,ok
2022-12-27,69670,ok
2022-12-28,78296,ok
2022-12-29,81011,ok
2022-12-30,76868,ok
2022-12-31,56040,ok
2023-01-01,43575,ok
2023-01-02,58926,ok
2023-01-03,84388,ok
2023-01-04,95682,ok
2023-01-05,101855,ok
2023-01-06,98261,ok
2023-01-07,60179,ok
2023-01-08,57151,ok
2023-01-09,99024,ok
2023-01-10,111713,ok
2023-01-11,114678,ok
2023-01-12,114888,ok
2023-01-13,107780,ok
2023-01-14,68892,ok
2023-01-15,59550,ok
2023-01-16,90395,ok
2023-01-17,111197,ok
2023-01-18,114350,ok
2023-01-19,117916,ok
2023-01-20,109522,ok
2023-01-21,70753,ok
2023-01-22,62449,ok
2023-01-23,98806,ok
2023-01-24,112790,ok
2023-01-25,114700,ok
2023-01-26,117787,ok
2023-01-27,112705,ok
2023-01-28,73981,ok
2023-01-29,63848,ok
2023-01-30,104351,ok
2023-01-31,115801,ok
2023-02-01,115687,ok
2023-02-02,122384,ok
2023-02-03,107502,ok
2023-02-04,65003,ok
2023-02-05,56337,ok
2023-02-06,96249,ok
2023-02-07,112752,ok
2023-02-08,117237,ok
2023-02-09,116259,ok
2023-02-10,108967,ok
2023-02-11,66117,ok
2023-02-12,57603,ok
2023-02-13,95889,ok
2023-02-14,113252,ok
2023-02-15,115621,ok
2023-02-16,116402,ok
2023-02-17,112445,ok
2023-02-18,73332,ok
2023-02-19,64248,ok
2023-02-20,101826,ok
2023-02-21,118620,ok
2023-02-22,123387,ok
2023-02-23,122435,ok
2023-02-24,118575,ok
2023-02-25,73302,ok
2023-02-26,57110,ok
2023-02-27,100198,ok
2023-02-28,114420,ok
2023-03-01,117093,ok
2023-03-02,117766,ok
2023-03-03,111269,ok
2023-03-04,68580,ok
2023-03-05,58352,ok
2023-03-06,98837,ok
2023-03-07,110938,ok
2023-03-08,114474,ok
2023-03-09,114960,ok
2023-03-10,113637,ok
2023-03-11,70297,ok
2023-03-12,59319,ok
2023-03-13,98755,ok
2023-03-14,111054,ok
2023-03-15,117129,ok
2023-03-16,116853,ok
2023-03-17,113538,ok
2023-03-18,72079,ok
2023-03-19,64040,ok
2023-03-20,105928,ok
2023-03-21,108814,ok
2023-03-22,67888,ok
2023-03-23,0,missing
2023-03-24,216375,ok
2023-03-25,131203,ok
2023-03-26,110273,ok
2023-03-27,175964,ok
2023-03-28,189842,ok
2023-03-29,197774,ok
2023-03-30,196288,ok
2023-03-31,184746,ok
2023-04-01,114490,ok
2023-04-02,98249,ok
2023-04-03,164296,ok
2023-04-04,182374,ok
2023-04-05,194508,ok
2023-04-06,184256,ok
2023-04-07,156798,ok
2023-04-08,105861,ok
2023-04-09,90245,ok
2023-04-10,143176,ok
2023-04-11,174724,ok
2023-04-12,182466,ok
2023-04-13,185435,ok
2023-04-14,171984,ok
2023-04-15,105288,ok
2023-04-16,92751,ok
2023-04-17,159512,ok
2023-04-18,177732,ok
2023-04-19,178980,ok
2023-04-20,172932,ok
2023-04-21,166767,ok
2023-04-22,98882,ok
2023-04-23,88690,ok
2023-04-24,159417,ok
2023-04-25,178265,ok
2023-04-26,184410,ok
2023-04-27,185209,ok
2023-04-28,174801,ok
2023-04-29,105670,ok
2023-04-30,94591,ok
2023-05-01,143277,ok
2023-05-02,171229,ok
2023-05-03,180224,ok
2023-05-04,182336,ok
2023-05-05,173645,ok
2023-05-06,108058,ok
2023-05-07,91304,ok
2023-05-08,149043,ok
2023-05-09,174495,ok
2023-05-10,176707,ok
2023-05-11,174898,ok
2023-05-12,167028,ok
2023-05-13,105389,ok
2023-05-14,88496,ok
2023-05-15,154394,ok
2023-05-16,170016,ok
2023-05-17,179938,ok
2023-05-18,178457,ok
2023-05-19,177924,ok
2023-05-20,110129,ok
2023-05-21,98601,ok
2023-05-22,153748,ok
2023-05-23,164245,ok
2023-05-24,169543,ok
2023-05-25,169763,ok
2023-05-26,156018,ok
2023-05-27,93544,ok
2023-05-28,83378,ok
2023-05-29,114672,ok
2023-05-30,152419,ok
2023-05-31,166011,ok
2023-06-01,173882,ok
2023-06-02,163062,ok
2023-06-03,95668,ok
2023-06-04,89727,ok
2023-06-05,146894,ok
2023-06-06,165239,ok
2023-06-07,168322,ok
2023-06-08,169822,ok
2023-06-09,158984,ok
2023-06-10,96995,ok
2023-06-11,81948,ok
2023-06-12,144040,ok
2023-06-13,157044,ok
2023-06-14,165631,ok
2023-06-15,166644,ok
2023-06-16,158035,ok
2023-06-17,100475,ok
2023-06-18,86272,ok
2023-06-19,140676,ok
2023-06-20,168195,ok
2023-06-21,170283,ok
2023-06-22,168314,ok
2023-06-23,156965,ok
2023-06-24,106831,ok
2023-06-25,87196,ok
2023-06-26,140837,ok
2023-06-27,153769,ok
2023-06-28,152425,ok
2023-06-29,152491,ok
2023-06-30,146393,ok
2023-07-01,87964,ok
2023-07-02,76302,ok
2023-07-03,124641,ok
2023-07-04,122244,ok
2023-07-05,140945,ok
2023-07-06,153189,ok
2023-07-07,147774,ok
2023-07-08,92588,ok
2023-07-09,82158,ok
2023-07-10,143801,ok
2023-07-11,160717,ok
2023-07-12,169834,ok
2023-07-13,166341,ok
2023-07-14,148123,ok
2023-07-15,93666,ok
2023-07-16,80433,ok
2023-07-17,140979,ok
2023-07-18,160642,ok
2023-07-19,167941,ok
2023-07-20,187432,ok
2023-07-21,146355,ok
2023-07-22,88384,ok
2023-07-23,78595,ok
2023-07-24,134235,ok
2023-07-25,152360,ok
2023-07-26,156294,ok
2023-07-27,156233,ok
2023-07-28,143434,ok
2023-07-29,90855,ok
2023-07-30,80198,ok
2023-07-31,132804,ok
2023-08-01,146850,ok
2023-08-02,154219,ok
2023-08-03,151321,ok
2023-08-04,143004,ok
2023-08-05,92324,ok
2023-08-06,81133,ok
2023-08-07,132310,ok
2023-08-08,146807,ok
2023-08-09,147812,ok
2023-08-10,148175,ok
2023-08-11,136681,ok
2023-08-12,85992,ok
2023-08-13,77730,ok
2023-08-14,129124,ok
2023-08-15,138617,ok
2023-08-16,141249,ok
2023-08-17,145796,ok
2023-08-18,142561,ok
2023-08-19,90079,ok
2023-08-20,79105,ok
2023-08-21,138226,ok
2023-08-22,157379,ok
2023-08-23,152525,ok
2023-08-24,160641,ok
2023-08-25,147886,ok
2023-08-26,90175,ok
2023-08-27,79630,ok
2023-08-28,132048,ok
2023-08-29,147811,ok
2023-08-30,154203,ok
2023-08-31,153428,ok
2023-09-01,142189,ok
2023-09-02,84211,ok
2023-09-03,74651,ok
2023-09-04,116466,ok
2023-09-05,146877,ok
2023-09-06,163471,ok
2023-09-07,166725,ok
2023-09-08,158564,ok
2023-09-09,98527,ok
2023-09-10,91329,ok
2023-09-11,148860,ok
2023-09-12,163824,ok
2023-09-13,165355,ok
2023-09-14,164608,ok
2023-09-15,158187,ok
2023-09-16,102062,ok
2023-09-17,85853,ok
2023-09-18,149442,ok
2023-09-19,167824,ok
2023-09-20,177404,ok
2023-09-21,178867,ok
2023-09-22,166212,ok
2023-09-23,100647,ok
2023-09-24,86785,ok
2023-09-25,143060,ok
2023-09-26,166348,ok
2023-09-27,165708,ok
2023-09-28,163048,ok
2023-09-29,153752,ok
2023-09-30,93300,ok
2023-10-01,82584,ok
2023-10-02,129587,ok
2023-10-03,150623,ok
2023-10-04,153662,ok
2023-10-05,159780,ok
2023-10-06,150717,ok
2023-10-07,106409,ok
2023-10-08,103125,ok
2023-10-09,162167,ok
2023-10-10,182763,ok
2023-10-11,192608,ok
2023-10-12,190157,ok
2023-10-13,181079,ok
2023-10-14,111712,ok
2023-10-15,103013,ok
2023-10-16,162799,ok
2023-10-17,179293,ok
2023-10-18,194016,ok
2023-10-19,187878,ok
2023-10-20,173713,ok
2023-10-21,105961,ok
2023-10-22,91405,ok
2023-10-23,156172,ok
2023-10-24,169693,ok
2023-10-25,172891,ok
2023-10-26,177065,ok
2023-10-27,162926,ok
2023-10-28,104221,ok
2023-10-29,90918,ok
2023-10-30,151489,ok
2023-10-31,166531,ok
2023-11-01,171016,ok
2023-11-02,170130,ok
2023-11-03,165350,ok
2023-11-04,107930,ok
2023-11-05,96370,ok
2023-11-06,149078,ok
2023-11-07,163694,ok
2023-11-08,166615,ok
2023-11-09,174498,ok
2023-11-10,160956,ok
2023-11-11,101728,ok
2023-11-12,87617,ok
2023-11-13,138102,ok
2023-11-14,160110,ok
2023-11-15,165435,ok
2023-11-16,168531,ok
2023-11-17,158858,ok
2023-11-18,98648,ok
2023-11-19,83563,ok
2023-11-20,135465,ok
2023-11-21,155966,ok
2023-11-22,158312,ok
2023-11-23,128432,ok
2023-11-24,123297,ok
2023-11-25,85624,ok
2023-11-26,83444,ok
2023-11-27,136948,ok
2023-11-28,156529,ok
2023-11-29,156928,ok
2023-11-30,155295,ok
2023-12-01,150409,ok
2023-12-02,92764,ok
2023-12-03,81825,ok
2023-12-04,130682,ok
2023-12-05,151907,ok
2023-12-06,157697,ok
2023-12-07,164736,ok
2023-12-08,148965,ok
2023-12-09,97132,ok
2023-12-10,85469,ok
2023-12-11,138428,ok
2023-12-12,154395,ok
2023-12-13,155412,ok
2023-12-14,157574,ok
2023-12-15,148749,ok
2023-12-16,91612,ok
2023-12-17,78911,ok
2023-12-18,130989,ok
2023-12-19,143017,ok
2023-12-20,143603,ok
2023-12-21,140869,ok
2023-12-22,125204,ok
2023-12-23,78754,ok
2023-12-24,63465,ok
2023-12-25,66340,ok
2023-12-26,89558,ok
2023-12-27,108687,ok
2023-12-28,112528,ok
2023-12-29,108900,ok
2023-12-30,75841,ok
2023-12-31,68743,ok
2024-01-01,67623,ok
2024-01-02,107010,ok
2024-01-03,124453,ok
2024-01-04,137068,ok
2024-01-05,131775,ok
2024-01-06,87905,ok
2024-01-07,76050,ok
2024-01-08,125665,ok
2024-01-09,142743,ok
2024-01-10,145491,ok
2024-01-11,154598,ok
2024-01-12,150064,ok
2024-01-13,92544,ok
2024-01-14,82001,ok
2024-01-15,122137,ok
2024-01-16,140995,ok
2024-01-17,151847,ok
2024-01-18,157003,ok
2024-01-19,143232,ok
2024-01-20,89559,ok
2024-01-21,78894,ok
2024-01-22,127991,ok
2024-01-23,148359,ok
2024-01-24,151385,ok
2024-01-25,156069,ok
2024-01-26,146413,ok
2024-01-27,94857,ok
2024-01-28,82577,ok
2024-01-29,142742,ok
2024-01-30,155276,ok
2024-01-31,157074,ok
2024-02-01,156199,ok
2024-02-02,141958,ok
2024-02-03,92717,ok
2024-02-04,79787,ok
2024-02-05,133420,ok
2024-02-06,153601,ok
2024-02-07,159175,ok
2024-02-08,157124,ok
2024-02-09,145198,ok
2024-02-10,91666,ok
2024-02-11,79018,ok
2024-02-12,132313,ok
2024-02-13,150442,ok
2024-02-14,152626,ok
2024-02-15,156488,ok
2024-02-16,155048,ok
2024-02-17,99270,ok
2024-02-18,83149,ok
2024-02-19,131686,ok
2024-02-20,155447,ok
2024-02-21,162299,ok
2024-02-22,159561,ok
2024-02-23,154666,ok
2024-02-24,102827,ok
2024-02-25,83762,ok
2024-02-26,143858,ok
2024-02-27,164628,ok
2024-02-28,167329,ok
2024-02-29,163549,ok
2024-03-01,157418,ok
2024-03-02,93780,ok
2024-03-03,81718,ok
2024-03-04,138075,ok
2024-03-05,160302,ok
2024-03-06,168219,ok
2024-03-07,165695,ok
2024-03-08,152076,ok
2024-03-09,93462,ok
2024-03-10,80404,ok
2024-03-11,135978,ok
2024-03-12,158152,ok
2024-03-13,154952,ok
2024-03-14,157280,ok
2024-03-15,149592,ok
2024-03-16,89271,ok
2024-03-17,80540,ok
2024-03-18,137142,ok
2024-03-19,157695,ok
2024-03-20,161172,ok
2024-03-21,160409,ok
2024-03-22,151494,ok
2024-03-23,91531,ok
2024-03-24,82193,ok
2024-03-25,137364,ok
2024-03-26,154777,ok
2024-03-27,151961,ok
2024-03-28,148572,ok
2024-03-29,127506,ok
2024-03-30,81601,ok
2024-03-31,72582,ok
2024-04-01,119531,ok
2024-04-02,151259,ok
2024-04-03,153119,ok
2024-04-04,152052,ok
2024-04-05,142415,ok
2024-04-06,87154,ok
2024-04-07,81771,ok
2024-04-08,133619,ok
2024-04-09,148548,ok
2024-04-10,148167,ok
2024-04-11,147354,ok
2024-04-12,145242,ok
2024-04-13,92813,ok
2024-04-14,95964,ok
2024-04-15,141511,ok
2024-04-16,150218,ok
2024-04-17,155130,ok
2024-04-18,152730,ok
2024-04-19,146453,ok
2024-04-20,93397,ok
2024-04-21,79541,ok
2024-04-22,138826,ok
2024-04-23,151753,ok
2024-04-24,158116,ok
2024-04-25,159160,ok
2024-04-26,148890,ok
2024-04-27,91535,ok
2024-04-28,82368,ok
2024-04-29,139362,ok
2024-04-30,149578,ok
2024-05-01,147616,ok
2024-05-02,151534,ok
2024-05-03,145651,ok
2024-05-04,91890,ok
2024-05-05,80576,ok
2024-05-06,136762,ok
2024-05-07,153589,ok
2024-05-08,155230,ok
2024-05-09,151012,ok
2024-05-10,140866,ok
2024-05-11,87190,ok
2024-05-12,73724,ok
2024-05-13,130045,ok
2024-05-14,148960,ok
2024-05-15,156230,ok
2024-05-16,155523,ok
2024-05-17,144473,ok
2024-05-18,90021,ok
2024-05-19,77579,ok
2024-05-20,137992,ok
2024-05-21,150165,ok
2024-05-22,156670,ok
2024-05-23,150125,ok
2024-05-24,141184,ok
2024-05-25,87437,ok
2024-05-26,75163,ok
2024-05-27,111963,ok
2024-05-28,139530,ok
2024-05-29,147912,ok
2024-05-30,147085,ok
2024-05-31,151568,ok
2024-06-01,90948,ok
2024-06-02,75925,ok
2024-06-03,129756,ok
2024-06-04,141281,ok
2024-06-05,148495,ok
2024-06-06,156148,ok
2024-06-07,141390,ok
2024-06-08,88424,ok
2024-06-09,78005,ok
2024-06-10,126477,ok
2024-06-11,143947,ok
2024-06-12,145114,ok
2024-06-13,150523,ok
2024-06-14,142792,ok
2024-06-15,107460,ok
2024-06-16,92554,ok
2024-06-17,134855,ok
2024-06-18,132067,ok
2024-06-19,133951,ok
2024-06-20,137191,ok
2024-06-21,135779,ok
2024-06-22,80874,ok
2024-06-23,73098,ok
2024-06-24,126225,ok
2024-06-25,148383,ok
2024-06-26,146811,ok
2024-06-27,142994,ok
2024-06-28,132367,ok
2024-06-29,76871,ok
2024-06-30,68908,ok
2024-07-01,117734,ok
2024-07-02,132118,ok
2024-07-03,138387,ok
2024-07-04,119313,ok
2024-07-05,119410,ok
2024-07-06,75580,ok
2024-07-07,69123,ok
2024-07-08,127218,ok
2024-07-09,137361,ok
2024-07-10,140746,ok
2024-07-11,144725,ok
2024-07-12,132641,ok
2024-07-13,81276,ok
2024-07-14,78218,ok
2024-07-15,121690,ok
2024-07-16,137373,ok
2024-07-17,141395,ok
2024-07-18,138078,ok
2024-07-19,133767,ok
2024-07-20,82512,ok
2024-07-21,77419,ok
2024-07-22,128706,ok
2024-07-23,138917,ok
2024-07-24,142831,ok
2024-07-25,141022,ok
2024-07-26,130726,ok
2024-07-27,80815,ok
2024-07-28,67146,ok
2024-07-29,117059,ok
2024-07-30,133462,ok
2024-07-31,141778,ok
2024-08-01,148281,ok
2024-08-02,135555,ok
2024-08-03,80837,ok
2024-08-04,71854,ok
2024-08-05,122503,ok
2024-08-06,137523,ok
2024-08-07,138959,ok
2024-08-08,135253,ok
2024-08-09,128070,ok
2024-08-10,89554,ok
2024-08-11,69353,ok
2024-08-12,116950,ok
2024-08-13,132404,ok
2024-08-14,136620,ok
2024-08-15,137255,ok
2024-08-16,132545,ok
2024-08-17,82769,ok
2024-08-18,72565,ok
2024-08-19,124910,ok
2024-08-20,147425,ok
2024-08-21,140128,ok
2024-08-22,141971,ok
2024-08-23,131956,ok
2024-08-24,81021,ok
2024-08-25,76229,ok
2024-08-26,118477,ok
2024-08-27,139655,ok
2024-08-28,141055,ok
2024-08-29,140303,ok
2024-08-30,132571,ok
2024-08-31,77846,ok
2024-09-01,72452,ok
2024-09-02,104538,ok
2024-09-03,132647,ok
2024-09-04,147815,ok
2024-09-05,144554,ok
2024-09-06,140796,ok
2024-09-07,87070,ok
2024-09-08,76674,ok
2024-09-09,133020,ok
2024-09-10,145007,ok
2024-09-11,151226,ok
2024-09-12,149914,ok
2024-09-13,146141,ok
2024-09-14,85929,ok
2024-09-15,74066,ok
2024-09-16,119493,ok
2024-09-17,133634,ok
2024-09-18,143615,ok
2024-09-19,144671,ok
2024-09-20,137508,ok
2024-09-21,87893,ok
2024-09-22,76962,ok
2024-09-23,130097,ok
2024-09-24,151239,ok
2024-09-25,151096,ok
2024-09-26,156430,ok
2024-09-27,148631,ok
2024-09-28,94556,ok
2024-09-29,81319,ok
2024-09-30,130836,ok
2024-10-01,149853,ok
2024-10-02,154006,ok
2024-10-03,146048,ok
2024-10-04,143272,ok
2024-10-05,85480,ok
2024-10-06,80177,ok
2024-10-07,138528,ok
2024-10-08,148876,ok
2024-10-09,148135,ok
2024-10-10,144984,ok
2024-10-11,138517,ok
2024-10-12,84690,ok
2024-10-13,75301,ok
2024-10-14,126840,ok
2024-10-15,143635,ok
2024-10-16,150916,ok
2024-10-17,146209,ok
2024-10-18,141675,ok
2024-10-19,88552,ok
2024-10-20,75101,ok
2024-10-21,131242,ok
2024-10-22,147296,ok
2024-10-23,154424,ok
2024-10-24,150361,ok
2024-10-25,142931,ok
2024-10-26,90002,ok
2024-10-27,74692,ok
2024-10-28,123684,ok
2024-10-29,139853,ok
2024-10-30,138085,ok
2024-10-31,133481,ok
2024-11-01,135039,ok
2024-11-02,80896,ok
2024-11-03,70332,ok
2024-11-04,124133,ok
2024-11-05,137506,ok
2024-11-06,152915,ok
2024-11-07,143152,ok
2024-11-08,129191,ok
2024-11-09,81923,ok
2024-11-10,72707,ok
2024-11-11,119303,ok
2024-11-12,136440,ok
2024-11-13,144703,ok
2024-11-14,141362,ok
2024-11-15,134572,ok
2024-11-16,86097,ok
2024-11-17,74235,ok
2024-11-18,126555,ok
2024-11-19,145391,ok
2024-11-20,146393,ok
2024-11-21,151781,ok
2024-11-22,138534,ok
2024-11-23,85216,ok
2024-11-24,73070,ok
2024-11-25,124391,ok
2024-11-26,140527,ok
2024-11-27,139815,ok
2024-11-28,118372,ok
2024-11-29,109442,ok
2024-11-30,83575,ok
2024-12-01,80011,ok
2024-12-02,131656,ok
2024-12-03,151397,ok
2024-12-04,149785,ok
2024-12-05,146605,ok
2024-12-06,139870,ok
2024-12-07,94701,ok
2024-12-08,88785,ok
2024-12-09,137575,ok
2024-12-10,151289,ok
2024-12-11,148243,ok
2024-12-12,149094,ok
2024-12-13,137308,ok
2024-12-14,87977,ok
2024-12-15,75697,ok
2024-12-16,126846,ok
2024-12-17,144508,ok
2024-12-18,138857,ok
2024-12-19,139456,ok
2024-12-20,134219,ok
2024-12-21,83665,ok
2024-12-22,67509,ok
2024-12-23,105465,ok
2024-12-24,99674,ok
2024-12-25,67943,ok
2024-12-26,82956,ok
2024-12-27,94445,ok
2024-12-28,70764,ok
2024-12-29,66214,ok
2024-12-30,97893,ok
2024-12-31,98448,ok
2025-01-01,71207,ok
2025-01-02,91632,ok
2025-01-03,106495,ok
2025-01-04,74608,ok
2025-01-05,64742,ok
2025-01-06,110445,ok
2025-01-07,129240,ok
2025-01-08,136893,ok
2025-01-09,140097,ok
2025-01-10,129292,ok
2025-01-11,82695,ok
2025-01-12,71591,ok
2025-01-13,120931,ok
2025-01-14,136391,ok
2025-01-15,149792,ok
2025-01-16,152194,ok
2025-01-17,144747,ok
2025-01-18,91408,ok
2025-01-19,79155,ok
2025-01-20,122029,ok
2025-01-21,147583,ok
2025-01-22,151720,ok
2025-01-23,149663,ok
2025-01-24,142362,ok
2025-01-25,96460,ok
2025-01-26,81795,ok
2025-01-27,130388,ok
2025-01-28,145389,ok
2025-01-29,144878,ok
2025-01-30,140632,ok
2025-01-31,131491,ok
2025-02-01,89183,ok
2025-02-02,75174,ok
2025-02-03,125750,ok
2025-02-04,144457,ok
2025-02-05,157391,ok
2025-02-06,151899,ok
2025-02-07,136650,ok
2025-02-08,89979,ok
2025-02-09,72628,ok
2025-02-10,118328,ok
2025-02-11,142009,ok
2025-02-12,152207,ok
2025-02-13,153650,ok
2025-02-14,143190,ok
2025-02-15,93987,ok
2025-02-16,83138,ok
2025-02-17,128911,ok
2025-02-18,146147,ok
2025-02-19,149166,ok
2025-02-20,147847,ok
2025-02-21,140712,ok
2025-02-22,91490,ok
2025-02-23,76549,ok
2025-02-24,132312,ok
2025-02-25,150256,ok
2025-02-26,145542,ok
2025-02-27,148923,ok
2025-02-28,148692,ok
2025-03-01,99559,ok
2025-03-02,81153,ok
2025-03-03,127718,ok
2025-03-04,150305,ok
2025-03-05,154805,ok
2025-03-06,150442,ok
2025-03-07,145027,ok
2025-03-08,90618,ok
2025-03-09,77963,ok
2025-03-10,130966,ok
2025-03-11,149852,ok
2025-03-12,155839,ok
2025-03-13,153903,ok
2025-03-14,143229,ok
2025-03-15,91359,ok
2025-03-16,77319,ok
2025-03-17,135985,ok
2025-03-18,153152,ok
2025-03-19,152062,ok
2025-03-20,149714,ok
2025-03-21,142065,ok
2025-03-22,88884,ok
2025-03-23,75271,ok
2025-03-24,133734,ok
2025-03-25,148504,ok
2025-03-26,151439,ok
2025-03-27,152631,ok
2025-03-28,147891,ok
2025-03-29,90537,ok
2025-03-30,74991,ok
2025-03-31,119120,ok
2025-04-01,136855,ok
2025-04-02,139639,ok
2025-04-03,142622,ok
2025-04-04,139422,ok
2025-04-05,90896,ok
2025-04-06,74066,ok
2025-04-07,122706,ok
2025-04-08,141246,ok
2025-04-09,141563,ok
2025-04-10,144696,ok
2025-04-11,140298,ok
2025-04-12,86398,ok
2025-04-13,68647,ok
2025-04-14,122395,ok
2025-04-15,143362,ok
2025-04-16,144354,ok
2025-04-17,148245,ok
2025-04-18,129153,ok
2025-04-19,88574,ok
2025-04-20,74125,ok
2025-04-21,133065,ok
2025-04-22,151012,ok
2025-04-23,161604,ok
2025-04-24,158308,ok
2025-04-25,150947,ok
2025-04-26,101275,ok
2025-04-27,78926,ok
2025-04-28,129069,ok
2025-04-29,145941,ok
2025-04-30,151416,ok
2025-05-01,135927,ok
2025-05-02,131224,ok
2025-05-03,85616,ok
2025-05-04,72615,ok
2025-05-05,119308,ok
2025-05-06,139498,ok
2025-05-07,161183,ok
2025-05-08,154460,ok
2025-05-09,148399,ok
2025-05-10,99907,ok
2025-05-11,84056,ok
2025-05-12,137525,ok
2025-05-13,147990,ok
2025-05-14,153680,ok
2025-05-15,154382,ok
2025-05-16,143811,ok
2025-05-17,90503,ok
2025-05-18,81239,ok
2025-05-19,129971,ok
2025-05-20,147582,ok
2025-05-21,152711,ok
2025-05-22,150785,ok
2025-05-23,140577,ok
2025-05-24,87086,ok
2025-05-25,72245,ok
2025-05-26,107966,ok
2025-05-27,132313,ok
2025-05-28,143418,ok
2025-05-29,142603,ok
2025-05-30,134355,ok
2025-05-31,84119,ok
2025-06-01,71507,ok
2025-06-02,125531,ok
2025-06-03,136658,ok
2025-06-04,141508,ok
2025-06-05,143602,ok
2025-06-06,130876,ok
2025-06-07,80526,ok
2025-06-08,69520,ok
2025-06-09,118686,ok
2025-06-10,140233,ok
2025-06-11,148335,ok
2025-06-12,136620,ok
2025-06-13,151538,ok
2025-06-14,0,missing
2025-06-15,0,missing
2025-06-16,0,missing
2025-06-17,0,missing
2025-06-18,0,missing
2025-06-19,0,missing
2025-06-20,0,missing
2025-06-21,0,missing
2025-06-22,0,missing
2025-06-23,0,missing
2025-06-24,0,missing
2025-06-25,0,missing
2025-06-26,0,missing
2025-06-27,0,missing
2025-06-28,0,missing
2025-06-29,0,missing
2025-06-30,0,missing
2025-07-01,0,missing
2025-07-02,134816,ok
2025-07-03,140984,ok
2025-07-04,119142,ok
2025-07-05,74937,ok
2025-07-06,71583,ok
2025-07-07,123201,ok
2025-07-08,138570,ok
2025-07-09,142443,ok
2025-07-10,142660,ok
2025-07-11,135272,ok
2025-07-12,82903,ok
2025-07-13,71110,ok
2025-07-14,123846,ok
2025-07-15,140040,ok
2025-07-16,141557,ok
2025-07-17,138901,ok
2025-07-18,132633,ok
2025-07-19,82720,ok
2025-07-20,68500,ok
2025-07-21,118533,ok
2025-07-22,134941,ok
2025-07-23,138074,ok
2025-07-24,138622,ok
2025-07-25,133988,ok
2025-07-26,83370,ok
2025-07-27,67630,ok
2025-07-28,117909,ok
2025-07-29,135523,ok
2025-07-30,131027,ok
2025-07-31,137850,ok
2025-08-01,149037,ok
2025-08-02,76869,ok
2025-08-03,65644,ok
2025-08-04,108508,ok
2025-08-05,126846,ok
2025-08-06,136126,ok
2025-08-07,136285,ok
2025-08-08,134074,ok
2025-08-09,88084,ok
2025-08-10,72887,ok
2025-08-11,121890,ok
2025-08-12,131480,ok
2025-08-13,135888,ok
2025-08-14,136879,ok
2025-08-15,128082,ok
2025-08-16,87149,ok
2025-08-17,72793,ok
2025-08-18,132066,ok
2025-08-19,142698,ok
2025-08-20,140790,ok
2025-08-21,138439,ok
2025-08-22,131087,ok
2025-08-23,80386,ok
2025-08-24,70589,ok
2025-08-25,117976,ok
2025-08-26,131865,ok
2025-08-27,133977,ok
2025-08-28,138975,ok
2025-08-29,127562,ok
2025-08-30,83592,ok
2025-08-31,70659,ok
2025-09-01,103230,ok
2025-09-02,128034,ok
2025-09-03,143318,ok
2025-09-04,141747,ok
2025-09-05,127598,ok
2025-09-06,79967,ok
2025-09-07,68458,ok
2025-09-08,120726,ok
2025-09-09,141676,ok
2025-09-10,147352,ok
2025-09-11,146771,ok
2025-09-12,136245,ok
2025-09-13,82138,ok
2025-09-14,67044,ok
2025-09-15,121690,ok
2025-09-16,136471,ok
2025-09-17,136649,ok
2025-09-18,136307,ok
2025-09-19,131662,ok
2025-09-20,80023,ok
2025-09-21,71464,ok
2025-09-22,125017,ok
2025-09-23,137930,ok
2025-09-24,139970,ok
2025-09-25,142043,ok
2025-09-26,132809,ok
2025-09-27,84609,ok
2025-09-28,68387,ok
2025-09-29,119195,ok
2025-09-30,132923,ok
2025-10-01,131214,ok
2025-10-02,130029,ok
2025-10-03,126903,ok
2025-10-04,77451,ok
2025-10-05,67112,ok
2025-10-06,116101,ok
2025-10-07,138115,ok
2025-10-08,132425,ok
2025-10-09,137843,ok
2025-10-10,133130,ok
2025-10-11,82055,ok
2025-10-12,71720,ok
2025-10-13,123656,ok
2025-10-14,134355,ok
2025-10-15,133509,ok
2025-10-16,140587,ok
2025-10-17,137323,ok
2025-10-18,84651,ok
2025-10-19,69859,ok
2025-10-20,114528,ok
2025-10-21,138039,ok
2025-10-22,140738,ok
2025-10-23,137541,ok
2025-10-24,134776,ok
2025-10-25,83877,ok
2025-10-26,75194,ok
2025-10-27,125026,ok
2025-10-28,139111,ok
2025-10-29,141855,ok
2025-10-30,141719,ok
2025-10-31,131084,ok
2025-11-01,83127,ok
2025-11-02,68125,ok
2025-11-03,122070,ok
2025-11-04,128477,ok
2025-11-05,133217,ok
2025-11-06,134153,ok
2025-11-07,127861,ok
2025-11-08,82091,ok
2025-11-09,68112,ok
2025-11-10,115696,ok
2025-11-11,128457,ok
2025-11-12,129226,ok
2025-11-13,129209,ok
2025-11-14,121424,ok
2025-11-15,75959,ok
2025-11-16,64898,ok
2025-11-17,116159,ok
2025-11-18,130996,ok
2025-11-19,136190,ok
2025-11-20,135374,ok
2025-11-21,130775,ok
2025-11-22,85216,ok
2025-11-23,75124,ok
2025-11-24,118005,ok
2025-11-25,127926,ok
2025-11-26,124693,ok
2025-11-27,102075,ok
2025-11-28,95567,ok
2025-11-29,68033,ok
2025-11-30,60753,ok
2025-12-01,109383,ok
2025-12-02,124206,ok
2025-12-03,129652,ok
2025-12-04,128862,ok
2025-12-05,115543,ok
2025-12-06,72592,ok
2025-12-07,61324,ok
2025-12-08,111373,ok
2025-12-09,123073,ok
2025-12-10,123631,ok
2025-12-11,125835,ok
2025-12-12,116705,ok
2025-12-13,74469,ok
2025-12-14,65094,ok
2025-12-15,111302,ok
2025-12-16,117293,ok
2025-12-17,120993,ok
2025-12-18,121271,ok
2025-12-19,116380,ok
2025-12-20,72879,ok
2025-12-21,55956,ok
2025-12-22,95920,ok
2025-12-23,106041,ok
2025-12-24,90215,ok
2025-12-25,57903,ok
2025-12-26,69177,ok
2025-12-27,61440,ok
2025-12-28,57970,ok
2025-12-29,88466,ok
2025-12-30,92387,ok
2025-12-31,86986,ok
2026-01-01,63029,ok
2026-01-02,73887,ok
2026-01-03,70613,ok
2026-01-04,73331,ok
2026-01-05,112019,ok
2026-01-06,124325,ok
2026-01-07,130139,ok
2026-01-08,127488,ok
2026-01-09,124656,ok
2026-01-10,80503,ok
2026-01-11,65638,ok
2026-01-12,111025,ok
2026-01-13,128134,ok
2026-01-14,133695,ok
2026-01-15,135604,ok
2026-01-16,124941,ok
2026-01-17,83893,ok
2026-01-18,71522,ok
2026-01-19,107527,ok
2026-01-20,129995,ok
2026-01-21,137028,ok
2026-01-22,136886,ok
2026-01-23,128390,ok
2026-01-24,81326,ok
2026-01-25,65639,ok
2026-01-26,105498,ok
2026-01-27,124580,ok
2026-01-28,125899,ok
2026-01-29,130029,ok
2026-01-30,123059,ok
2026-01-31,79636,ok
2026-02-01,66769,ok
2026-02-02,106742,ok
2026-02-03,126298,ok
2026-02-04,129888,ok
2026-02-05,129241,ok
2026-02-06,119940,ok
2026-02-07,76180,ok
2026-02-08,62291,ok
2026-02-09,108807,ok
2026-02-10,123689,ok
2026-02-11,133684,ok
2026-02-12,129642,ok
2026-02-13,122708,ok
2026-02-14,81731,ok
2026-02-15,66753,ok
2026-02-16,103855,ok
2026-02-17,119704,ok
2026-02-18,128728,ok
2026-02-19,133910,ok
2026-02-20,120940,ok
2026-02-21,75420,ok
2026-02-22,65302,ok
2026-02-23,111996,ok
2026-02-24,131378,ok
2026-02-25,128403,ok
2026-02-26,133978,ok
2026-02-27,131143,ok
2026-02-28,110266,ok
2026-03-01,98894,ok
2026-03-02,138330,ok
2026-03-03,148505,ok
2026-03-04,145481,ok
2026-03-05,150744,ok
2026-03-06,137365,ok
2026-03-07,91984,ok
2026-03-08,78314,ok
2026-03-09,116756,ok
2026-03-10,126772,ok
2026-03-11,131556,ok
2026-03-12,135264,ok
2026-03-13,131018,ok
2026-03-14,83832,ok
2026-03-15,68671,ok
2026-03-16,118908,ok
2026-03-17,133392,ok
2026-03-18,135362,ok
2026-03-19,131899,ok
2026-03-20,116574,ok
2026-03-21,71336,ok
2026-03-22,58599,ok
2026-03-23,100882,ok
2026-03-24,119066,ok
2026-03-25,123713,ok
2026-03-26,122103,ok
2026-03-27,113765,ok
2026-03-28,77524,ok
2026-03-29,68512,ok
2026-03-30,112958,ok
2026-03-31,120412,ok
2026-04-01,123481,ok
2026-04-02,113383,ok
2026-04-03,94378,ok
2026-04-04,62289,ok
2026-04-05,56140,ok
2026-04-06,87991,ok
2026-04-07,112475,ok
2026-04-08,127559,ok
2026-04-09,126931,ok
2026-04-10,119162,ok
2026-04-11,75564,ok
2026-04-12,61824,ok
2026-04-13,103885,ok
2026-04-14,120887,ok
2026-04-15,122563,ok
2026-04-16,125737,ok
2026-04-17,115991,ok
2026-04-18,72396,ok
2026-04-19,61844,ok
2026-04-20,105601,ok
2026-04-21,121065,ok
2026-04-22,119440,ok
2026-04-23,121275,ok
2026-04-24,118463,ok
2026-04-25,74020,ok
2026-04-26,64486,ok
2026-04-27,106931,ok
2026-04-28,121189,ok
2026-04-29,122914,ok
2026-04-30,120744,ok
2026-05-01,109683,ok
2026-05-02,73830,ok
2026-05-03,62171,ok
2026-05-04,99997,ok
2026-05-05,117609,ok
2026-05-06,126185,ok
2026-05-07,129162,ok
2026-05-08,122881,ok
2026-05-09,73517,ok
2026-05-10,64629,ok
2026-05-11,109897,ok
2026-05-12,123387,ok
2026-05-13,125119,ok
2026-05-14,127851,ok
2026-05-15,118201,ok
2026-05-16,73293,ok
2026-05-17,62088,ok
2026-05-18,106043,ok
2026-05-19,119381,ok
2026-05-20,126470,ok
2026-05-21,122237,ok
2026-05-22,115380,ok
2026-05-23,71773,ok
2026-05-24,61579,ok
2026-05-25,86512,ok
2026-05-26,109420,ok
2026-05-27,113354,ok
2026-05-28,113684,ok
2026-05-29,112881,ok
2026-05-30,66534,ok
2026-05-31,56465,ok
2026-06-01,101905,ok
2026-06-02,116485,ok
2026-06-03,117604,ok
2026-06-04,116234,ok
2026-06-05,106095,ok
2026-06-06,68584,ok
2026-06-07,61798,ok
2026-06-08,101509,ok
2026-06-09,108253,ok
2026-06-10,114561,ok
